Date,Invoice_ID,Customer,Category,Amount
2024-01-01,INV87643,Tata Traders,Consulting,30233
2024-01-01,INV36454,Infosys Ltd,Support,42191
2024-01-02,INV94556,Mahindra Group,Software,37454
2024-01-02,INV32976,HDFC Corp,Software,47863
2024-01-02,INV94935,HDFC Corp,Training,31553
2024-01-03,INV87747,Wipro Services,Consulting,43818
2024-01-04,INV81954,Reliance Retail,Training,18941
2024-01-05,INV64033,Mahindra Group,Subscription,27694
2024-01-05,INV48686,Mahindra Group,Software,47207
2024-01-06,INV39351,Reliance Retail,Software,14216
2024-01-06,INV96108,Infosys Ltd,Support,47405
2024-01-06,INV33338,Mahindra Group,Training,18996
2024-01-07,INV41392,Wipro Services,Consulting,17682
2024-01-08,INV94156,Infosys Ltd,Consulting,49603
2024-01-08,INV39886,Wipro Services,Support,24130
2024-01-09,INV19936,Reliance Retail,Training,8347
2024-01-10,INV86392,Tata Traders,Support,36348
2024-01-11,INV48565,Wipro Services,Consulting,38343
2024-01-11,INV43950,Tata Traders,Consulting,21085
2024-01-12,INV93146,Reliance Retail,Subscription,15019
2024-01-12,INV75698,Wipro Services,Subscription,44832
2024-01-12,INV52214,Mahindra Group,Support,40478
2024-01-13,INV57289,Mahindra Group,Software,15398
2024-01-14,INV60606,Tata Traders,Consulting,18453
2024-01-15,INV17862,HDFC Corp,Consulting,39166
2024-01-15,INV39051,Infosys Ltd,Subscription,13359
2024-01-16,INV88422,Wipro Services,Training,23411
2024-01-16,INV56988,HDFC Corp,Consulting,45528
2024-01-16,INV80607,Wipro Services,Support,6603
2024-01-17,INV91626,Wipro Services,Support,7183
2024-01-17,INV93412,Reliance Retail,Consulting,6607
2024-01-18,INV75738,Wipro Services,Consulting,32082
2024-01-18,INV63983,Wipro Services,Support,11089
2024-01-18,INV93241,Infosys Ltd,Training,49534
2024-01-19,INV73130,Mahindra Group,Software,44511
2024-01-19,INV17207,Mahindra Group,Subscription,8416
2024-01-19,INV45724,Mahindra Group,Training,43063
2024-01-20,INV61489,Mahindra Group,Subscription,27046
2024-01-20,INV77065,Tata Traders,Support,25994
2024-01-21,INV24757,Mahindra Group,Software,24755
2024-01-22,INV67650,HDFC Corp,Support,42089
2024-01-22,INV28151,Infosys Ltd,Support,42250
2024-01-23,INV35528,Reliance Retail,Support,6833
2024-01-23,INV66064,Mahindra Group,Training,7756
2024-01-24,INV16815,Tata Traders,Training,44503
2024-01-24,INV81880,HDFC Corp,Training,38921
2024-01-24,INV23786,Mahindra Group,Software,49645
2024-01-25,INV46405,Tata Traders,Training,43188
2024-01-25,INV20046,Tata Traders,Training,35078
2024-01-25,INV57052,Mahindra Group,Training,10494
2024-01-26,INV54797,Tata Traders,Training,47597
2024-01-27,INV72103,Tata Traders,Software,42940
2024-01-27,INV94271,Infosys Ltd,Training,42350
2024-01-28,INV60044,Reliance Retail,Software,6659
2024-01-28,INV31371,Wipro Services,Training,42858
2024-01-28,INV18548,Wipro Services,Support,21929
2024-01-29,INV14356,Tata Traders,Training,48282
2024-01-30,INV42705,Infosys Ltd,Training,29358
2024-01-30,INV89181,Mahindra Group,Training,10106
2024-01-30,INV50587,Tata Traders,Subscription,49664
2024-01-31,INV75765,Tata Traders,Support,35308
2024-01-31,INV91811,Infosys Ltd,Software,8026
2024-02-01,INV67848,Infosys Ltd,Support,46205
2024-02-01,INV88016,Infosys Ltd,Subscription,14491
2024-02-02,INV65688,Reliance Retail,Support,26489
2024-02-02,INV87058,Reliance Retail,Subscription,8903
2024-02-03,INV90207,Reliance Retail,Support,24914
2024-02-03,INV24947,HDFC Corp,Consulting,42822
2024-02-03,INV80659,Mahindra Group,Software,21491
2024-02-04,INV64702,Tata Traders,Support,24257
2024-02-04,INV61970,Wipro Services,Software,7159
2024-02-04,INV32668,Tata Traders,Consulting,41990
2024-02-05,INV70619,Infosys Ltd,Subscription,17022
2024-02-05,INV90203,Wipro Services,Training,28666
2024-02-06,INV91370,Wipro Services,Training,28029
2024-02-06,INV69383,HDFC Corp,Software,7931
2024-02-06,INV87606,Mahindra Group,Software,21374
2024-02-07,INV29839,Reliance Retail,Support,5108
2024-02-07,INV84196,Infosys Ltd,Consulting,48337
2024-02-08,INV68271,HDFC Corp,Consulting,5241
2024-02-08,INV27293,Wipro Services,Training,41834
2024-02-09,INV14939,Reliance Retail,Software,19948
2024-02-09,INV58845,Infosys Ltd,Subscription,38780
2024-02-09,INV29922,Tata Traders,Training,5282
2024-02-10,INV10491,HDFC Corp,Consulting,49016
2024-02-11,INV37731,Wipro Services,Training,43653
2024-02-12,INV21691,Infosys Ltd,Subscription,15314
2024-02-13,INV17870,HDFC Corp,Consulting,46800
2024-02-14,INV80565,HDFC Corp,Consulting,46452
2024-02-15,INV21846,Mahindra Group,Software,16884
2024-02-16,INV75732,Mahindra Group,Support,45864
2024-02-16,INV68450,Infosys Ltd,Consulting,14587
2024-02-16,INV54960,Mahindra Group,Subscription,46537
2024-02-17,INV21758,Tata Traders,Subscription,9375
2024-02-17,INV89610,Mahindra Group,Training,21947
2024-02-18,INV79938,Reliance Retail,Consulting,25731
2024-02-18,INV52399,Reliance Retail,Consulting,33656
2024-02-18,INV36314,Tata Traders,Software,9777
2024-02-19,INV76107,Infosys Ltd,Subscription,21658
2024-02-20,INV43323,Mahindra Group,Software,44367
2024-02-20,INV45205,Mahindra Group,Training,13892
2024-02-21,INV74866,Mahindra Group,Support,17067
2024-02-21,INV91669,Mahindra Group,Software,10007
2024-02-21,INV45088,Infosys Ltd,Support,28124
2024-02-22,INV23203,Mahindra Group,Subscription,34828
2024-02-22,INV92710,Infosys Ltd,Software,12247
2024-02-22,INV18240,Tata Traders,Software,44773
2024-02-23,INV28257,Mahindra Group,Software,9558
2024-02-23,INV13011,Tata Traders,Subscription,24912
2024-02-24,INV70406,Wipro Services,Training,20777
2024-02-24,INV52436,Reliance Retail,Consulting,43242
2024-02-24,INV75149,Tata Traders,Consulting,28843
2024-02-25,INV52747,Reliance Retail,Subscription,44780
2024-02-25,INV45963,Tata Traders,Subscription,13985
2024-02-25,INV97395,Wipro Services,Consulting,26582
2024-02-26,INV12873,Wipro Services,Support,7409
2024-02-26,INV81390,Mahindra Group,Subscription,34545
2024-02-27,INV98803,Wipro Services,Support,32532
2024-02-28,INV51679,Reliance Retail,Training,33723
2024-02-29,INV70995,Reliance Retail,Consulting,43235
2024-03-01,INV88802,Mahindra Group,Support,11807
2024-03-01,INV82941,Wipro Services,Consulting,26253
2024-03-02,INV25842,Tata Traders,Subscription,30686
2024-03-02,INV34623,Wipro Services,Consulting,34112
2024-03-02,INV46051,Wipro Services,Consulting,37155
2024-03-03,INV13418,Mahindra Group,Software,47260
2024-03-03,INV47620,HDFC Corp,Subscription,7738
2024-03-04,INV96412,Wipro Services,Training,36913
2024-03-04,INV11722,Wipro Services,Training,32878
2024-03-05,INV75272,Tata Traders,Support,46516
2024-03-05,INV34493,Tata Traders,Subscription,43310
2024-03-06,INV51116,Reliance Retail,Subscription,14971
2024-03-06,INV54537,Reliance Retail,Support,9987
2024-03-06,INV85795,Mahindra Group,Subscription,28612
2024-03-07,INV23448,Mahindra Group,Support,6402
2024-03-07,INV22112,Mahindra Group,Support,10986
2024-03-08,INV54524,Reliance Retail,Consulting,25634
2024-03-09,INV35181,HDFC Corp,Consulting,20596
2024-03-09,INV92908,Infosys Ltd,Support,33235
2024-03-10,INV86037,Infosys Ltd,Consulting,48044
2024-03-10,INV77733,HDFC Corp,Consulting,34553
2024-03-11,INV16500,Reliance Retail,Subscription,49388
2024-03-11,INV64179,Mahindra Group,Consulting,8622
2024-03-12,INV96570,Wipro Services,Consulting,13167
2024-03-13,INV27717,Wipro Services,Support,26685
2024-03-13,INV85372,Wipro Services,Software,39282
2024-03-14,INV80746,Reliance Retail,Consulting,41584
2024-03-14,INV19221,Wipro Services,Subscription,17196
2024-03-14,INV78105,HDFC Corp,Training,43818
2024-03-15,INV82222,Mahindra Group,Training,42646
2024-03-15,INV47956,Reliance Retail,Subscription,30635
2024-03-15,INV99995,HDFC Corp,Subscription,39616
2024-03-16,INV10843,Tata Traders,Software,26585
2024-03-17,INV13083,Infosys Ltd,Software,15971
2024-03-17,INV27113,Reliance Retail,Support,12900
2024-03-17,INV63188,Reliance Retail,Training,27686
2024-03-18,INV82512,Infosys Ltd,Training,43445
2024-03-19,INV44007,Infosys Ltd,Consulting,40957
2024-03-20,INV28063,HDFC Corp,Subscription,23818
2024-03-20,INV74918,HDFC Corp,Software,49210
2024-03-21,INV56426,HDFC Corp,Consulting,40114
2024-03-22,INV21089,Infosys Ltd,Subscription,41381
2024-03-22,INV84009,Tata Traders,Subscription,23542
2024-03-23,INV34528,Reliance Retail,Consulting,42173
2024-03-23,INV28802,Mahindra Group,Support,23641
2024-03-23,INV67204,Reliance Retail,Software,48259
2024-03-24,INV54976,Reliance Retail,Training,22599
2024-03-24,INV56222,Tata Traders,Software,38792
2024-03-24,INV82669,Infosys Ltd,Software,39446
2024-03-25,INV12686,Mahindra Group,Subscription,6824
2024-03-25,INV49191,Infosys Ltd,Software,36708
2024-03-26,INV55654,Wipro Services,Support,25614
2024-03-26,INV48800,Reliance Retail,Support,25294
2024-03-26,INV30817,Reliance Retail,Subscription,35523
2024-03-27,INV53691,Wipro Services,Training,12613
2024-03-28,INV11470,Mahindra Group,Support,46803
2024-03-29,INV68564,Mahindra Group,Support,13706
2024-03-29,INV17222,Tata Traders,Subscription,11848
2024-03-29,INV69321,Tata Traders,Support,17879
2024-03-30,INV27871,Wipro Services,Consulting,10336
2024-03-30,INV38232,Mahindra Group,Training,40616
2024-03-30,INV66957,Wipro Services,Software,14471
2024-03-31,INV45997,Wipro Services,Subscription,22034
2024-03-31,INV99687,Reliance Retail,Support,34551
2024-04-01,INV14181,Tata Traders,Consulting,41537
2024-04-02,INV92622,HDFC Corp,Software,22380
2024-04-02,INV30487,Mahindra Group,Support,7198
2024-04-03,INV55692,Mahindra Group,Consulting,24561
2024-04-03,INV41396,Infosys Ltd,Software,27562
2024-04-03,INV28203,Tata Traders,Subscription,46007
2024-04-04,INV15678,Infosys Ltd,Support,9728
2024-04-04,INV26730,HDFC Corp,Training,16937
2024-04-05,INV77002,Reliance Retail,Consulting,47079
2024-04-05,INV53126,Infosys Ltd,Consulting,37707
2024-04-05,INV82479,Reliance Retail,Training,30531
2024-04-06,INV44310,Reliance Retail,Training,34327
2024-04-06,INV13957,Tata Traders,Support,13391
2024-04-06,INV59882,Tata Traders,Training,9255
2024-04-07,INV82507,Wipro Services,Support,25898
2024-04-07,INV76364,Tata Traders,Consulting,16563
2024-04-08,INV51488,Mahindra Group,Training,33855
2024-04-08,INV92897,Wipro Services,Software,46850
2024-04-09,INV70076,Tata Traders,Software,32134
2024-04-10,INV72207,Mahindra Group,Consulting,14278
2024-04-10,INV48938,Mahindra Group,Subscription,34118
2024-04-11,INV41077,Wipro Services,Training,46507
2024-04-11,INV36685,HDFC Corp,Subscription,19333
2024-04-12,INV71309,Infosys Ltd,Consulting,43485
2024-04-12,INV50371,Wipro Services,Support,37282
2024-04-12,INV82876,Infosys Ltd,Subscription,17529
2024-04-13,INV29076,HDFC Corp,Support,44608
2024-04-14,INV85875,Reliance Retail,Support,9406
2024-04-14,INV97527,Reliance Retail,Software,23125
2024-04-15,INV93228,Tata Traders,Software,22204
2024-04-16,INV92451,Infosys Ltd,Consulting,24127
2024-04-16,INV69455,Reliance Retail,Training,36433
2024-04-16,INV84182,Wipro Services,Support,40903
2024-04-17,INV43370,HDFC Corp,Subscription,45671
2024-04-17,INV96799,Mahindra Group,Training,48417
2024-04-18,INV85124,Tata Traders,Consulting,24552
2024-04-18,INV36067,Wipro Services,Software,6695
2024-04-18,INV82124,Wipro Services,Subscription,39208
2024-04-19,INV48762,Infosys Ltd,Support,20530
2024-04-20,INV15883,Tata Traders,Software,37547
2024-04-21,INV86925,Wipro Services,Training,11975
2024-04-22,INV56791,Infosys Ltd,Subscription,40958
2024-04-23,INV76069,Tata Traders,Support,45722
2024-04-24,INV93283,Wipro Services,Software,12128
2024-04-24,INV93948,Wipro Services,Consulting,17369
2024-04-25,INV74548,Mahindra Group,Support,30908
2024-04-25,INV79013,Wipro Services,Software,7833
2024-04-25,INV49352,Reliance Retail,Training,35906
2024-04-26,INV97225,Infosys Ltd,Support,42683
2024-04-27,INV79150,Reliance Retail,Training,46126
2024-04-28,INV89494,Infosys Ltd,Training,41103
2024-04-28,INV38834,Reliance Retail,Training,33533
2024-04-28,INV15714,Infosys Ltd,Subscription,11415
2024-04-29,INV44703,Reliance Retail,Support,29063
2024-04-30,INV74702,Tata Traders,Subscription,27272
2024-05-01,INV16849,HDFC Corp,Subscription,23226
2024-05-02,INV45649,Infosys Ltd,Support,48840
2024-05-03,INV35124,Infosys Ltd,Support,26116
2024-05-04,INV56730,HDFC Corp,Software,7456
2024-05-04,INV76262,HDFC Corp,Training,37659
2024-05-05,INV54781,Wipro Services,Subscription,29164
2024-05-05,INV85344,Tata Traders,Software,49667
2024-05-05,INV31370,Mahindra Group,Training,29543
2024-05-06,INV79256,Wipro Services,Software,33345
2024-05-06,INV33313,HDFC Corp,Software,11457
2024-05-07,INV93459,Tata Traders,Consulting,19561
2024-05-07,INV78445,Reliance Retail,Subscription,32915
2024-05-08,INV75370,Wipro Services,Support,19034
2024-05-08,INV65902,Infosys Ltd,Support,9576
2024-05-09,INV89110,Infosys Ltd,Training,11617
2024-05-09,INV33040,Wipro Services,Software,17389
2024-05-09,INV51599,Tata Traders,Software,19687
2024-05-10,INV37903,Wipro Services,Subscription,44427
2024-05-11,INV89341,Tata Traders,Support,48751
2024-05-12,INV11476,Wipro Services,Consulting,11172
2024-05-12,INV55895,HDFC Corp,Subscription,28618
2024-05-13,INV20056,Reliance Retail,Support,38714
2024-05-13,INV47476,HDFC Corp,Subscription,35808
2024-05-13,INV22001,Tata Traders,Support,22356
2024-05-14,INV67851,Infosys Ltd,Subscription,24167
2024-05-14,INV99731,Mahindra Group,Support,7588
2024-05-14,INV24015,Wipro Services,Software,21376
2024-05-15,INV84868,Wipro Services,Subscription,36959
2024-05-15,INV93434,Tata Traders,Consulting,7545
2024-05-16,INV47399,Reliance Retail,Support,6425
2024-05-17,INV75657,Reliance Retail,Support,28951
2024-05-17,INV77262,Tata Traders,Consulting,6579
2024-05-18,INV78788,Reliance Retail,Subscription,14082
2024-05-18,INV42888,Wipro Services,Consulting,28337
2024-05-18,INV93774,Wipro Services,Training,31731
2024-05-19,INV22609,Tata Traders,Support,39504
2024-05-19,INV23730,HDFC Corp,Consulting,21889
2024-05-19,INV30954,Reliance Retail,Subscription,36093
2024-05-20,INV51824,Reliance Retail,Subscription,32909
2024-05-20,INV17389,HDFC Corp,Consulting,30058
2024-05-20,INV10321,HDFC Corp,Support,43100
2024-05-21,INV94123,Mahindra Group,Training,35494
2024-05-22,INV69360,Reliance Retail,Training,45226
2024-05-23,INV65471,Infosys Ltd,Training,19295
2024-05-23,INV63548,Reliance Retail,Software,5318
2024-05-23,INV11844,Infosys Ltd,Software,37817
2024-05-24,INV34305,Mahindra Group,Support,18279
2024-05-25,INV24038,HDFC Corp,Support,16409
2024-05-25,INV57786,Tata Traders,Support,21703
2024-05-25,INV34066,Reliance Retail,Software,25428
2024-05-26,INV35076,Infosys Ltd,Training,34985
2024-05-26,INV43643,Mahindra Group,Software,48692
2024-05-27,INV24715,Mahindra Group,Subscription,38142
2024-05-28,INV10089,HDFC Corp,Training,19474
2024-05-28,INV35667,Tata Traders,Support,12305
2024-05-29,INV68504,Infosys Ltd,Training,39133
2024-05-30,INV87817,Mahindra Group,Support,44708
2024-05-30,INV19919,HDFC Corp,Training,18912
2024-05-30,INV71722,Reliance Retail,Subscription,42267
2024-05-31,INV50263,Mahindra Group,Training,47126
2024-05-31,INV91557,Wipro Services,Consulting,16176
2024-06-01,INV11978,Wipro Services,Support,33044
2024-06-01,INV18439,Tata Traders,Software,12914
2024-06-01,INV86069,Mahindra Group,Subscription,16368
2024-06-02,INV93527,HDFC Corp,Subscription,6784
2024-06-02,INV59609,Mahindra Group,Consulting,43365
2024-06-02,INV58907,Reliance Retail,Support,36855
2024-06-03,INV64206,Mahindra Group,Training,8814
2024-06-03,INV35570,Reliance Retail,Consulting,43777
2024-06-03,INV25542,Tata Traders,Software,35924
2024-06-04,INV43318,Reliance Retail,Training,29706
2024-06-04,INV60142,Infosys Ltd,Subscription,22243
2024-06-05,INV64832,Wipro Services,Training,38125
2024-06-05,INV33736,HDFC Corp,Consulting,14979
2024-06-05,INV94008,Wipro Services,Subscription,27160
2024-06-06,INV56104,Tata Traders,Software,24028
2024-06-06,INV53863,Reliance Retail,Subscription,48067
2024-06-07,INV52117,Mahindra Group,Subscription,23595
2024-06-07,INV39737,Tata Traders,Support,43042
2024-06-08,INV21972,Mahindra Group,Training,29727
2024-06-09,INV88597,Infosys Ltd,Training,34383
2024-06-09,INV58227,Tata Traders,Subscription,14194
2024-06-09,INV22281,Reliance Retail,Software,32326
2024-06-10,INV62182,Infosys Ltd,Support,37177
2024-06-10,INV86764,Reliance Retail,Software,15195
2024-06-11,INV58050,Mahindra Group,Support,5674
2024-06-11,INV65639,Wipro Services,Subscription,8194
2024-06-11,INV56889,Wipro Services,Consulting,42829
2024-06-12,INV53242,HDFC Corp,Consulting,11354
2024-06-12,INV99150,Wipro Services,Subscription,31306
2024-06-13,INV78233,Reliance Retail,Training,6832
2024-06-13,INV95219,Tata Traders,Subscription,18966
2024-06-13,INV22763,Reliance Retail,Software,42521
2024-06-14,INV63476,Tata Traders,Training,45088
2024-06-15,INV23990,HDFC Corp,Consulting,42217
2024-06-15,INV78870,Tata Traders,Consulting,48570
2024-06-15,INV55466,HDFC Corp,Consulting,7268
2024-06-16,INV65655,HDFC Corp,Support,45555
2024-06-16,INV53977,Reliance Retail,Subscription,15102
2024-06-16,INV43401,Infosys Ltd,Subscription,16729
2024-06-17,INV50335,Tata Traders,Software,12944
2024-06-18,INV94810,Mahindra Group,Support,24131
2024-06-18,INV25020,Reliance Retail,Training,34173
2024-06-18,INV20186,Wipro Services,Consulting,6847
2024-06-19,INV52812,Reliance Retail,Training,43528
2024-06-19,INV53239,Reliance Retail,Subscription,30115
2024-06-20,INV29621,Tata Traders,Training,6353
2024-06-20,INV80514,Mahindra Group,Support,18696
2024-06-21,INV57022,Wipro Services,Software,6156
2024-06-22,INV36962,Wipro Services,Training,48402
2024-06-22,INV47208,HDFC Corp,Training,29826
2024-06-22,INV80750,Reliance Retail,Consulting,19296
2024-06-23,INV40550,HDFC Corp,Training,48016
2024-06-23,INV37049,HDFC Corp,Consulting,40410
2024-06-23,INV25436,Mahindra Group,Software,24223
2024-06-24,INV54668,Mahindra Group,Training,40904
2024-06-25,INV29559,Wipro Services,Subscription,42536
2024-06-25,INV47925,Infosys Ltd,Support,49161
2024-06-26,INV68285,HDFC Corp,Support,11978
2024-06-26,INV86144,HDFC Corp,Software,39767
2024-06-26,INV59781,Infosys Ltd,Support,32715
2024-06-27,INV59201,Infosys Ltd,Training,37075
2024-06-27,INV99968,Tata Traders,Subscription,26170
2024-06-27,INV72780,Wipro Services,Consulting,42923
2024-06-28,INV65912,Tata Traders,Training,15007
2024-06-29,INV99818,Infosys Ltd,Software,44123
2024-06-29,INV33830,Mahindra Group,Subscription,38723
2024-06-29,INV76108,Infosys Ltd,Software,15168
2024-06-30,INV14984,HDFC Corp,Software,10982
2024-06-30,INV74640,Wipro Services,Training,48113
2024-07-01,INV12457,HDFC Corp,Support,38598
2024-07-01,INV66401,Wipro Services,Subscription,35279
2024-07-01,INV97598,Mahindra Group,Consulting,43351
2024-07-02,INV59206,Infosys Ltd,Software,22763
2024-07-02,INV14940,Wipro Services,Training,47950
2024-07-02,INV14609,Reliance Retail,Training,33527
2024-07-03,INV34307,Mahindra Group,Software,47357
2024-07-03,INV54256,Wipro Services,Software,22004
2024-07-03,INV88610,Infosys Ltd,Consulting,43879
2024-07-04,INV86279,Reliance Retail,Consulting,36591
2024-07-04,INV84367,HDFC Corp,Software,48752
2024-07-04,INV50716,HDFC Corp,Consulting,37411
2024-07-05,INV59198,Infosys Ltd,Consulting,39530
2024-07-05,INV88555,Tata Traders,Consulting,20078
2024-07-05,INV39427,Infosys Ltd,Consulting,28340
2024-07-06,INV10932,Reliance Retail,Support,24969
2024-07-07,INV40918,Reliance Retail,Software,30519
2024-07-08,INV77993,Wipro Services,Subscription,29399
2024-07-08,INV21338,Infosys Ltd,Support,31247
2024-07-08,INV11276,Tata Traders,Support,32270
2024-07-09,INV18310,Reliance Retail,Consulting,21031
2024-07-10,INV87631,Reliance Retail,Subscription,18196
2024-07-10,INV28908,Infosys Ltd,Subscription,46616
2024-07-11,INV57112,Wipro Services,Support,12368
2024-07-11,INV83099,Infosys Ltd,Consulting,28392
2024-07-11,INV63179,Mahindra Group,Support,29909
2024-07-12,INV54890,Wipro Services,Software,19510
2024-07-13,INV78153,Wipro Services,Software,33368
2024-07-13,INV25783,Infosys Ltd,Consulting,17917
2024-07-13,INV44026,Wipro Services,Training,15559
2024-07-14,INV37265,Mahindra Group,Subscription,27038
2024-07-14,INV52527,Tata Traders,Training,5304
2024-07-15,INV90753,Infosys Ltd,Consulting,9968
2024-07-16,INV80600,Reliance Retail,Software,14010
2024-07-17,INV90116,Wipro Services,Training,25206
2024-07-17,INV16446,Wipro Services,Subscription,18190
2024-07-18,INV24990,Reliance Retail,Software,43292
2024-07-18,INV63717,Tata Traders,Consulting,36021
2024-07-18,INV13011,Tata Traders,Training,22127
2024-07-19,INV39266,HDFC Corp,Consulting,11383
2024-07-19,INV65096,Mahindra Group,Support,48056
2024-07-19,INV10186,Tata Traders,Support,27654
2024-07-20,INV69933,HDFC Corp,Subscription,36165
2024-07-20,INV26122,Reliance Retail,Consulting,27277
2024-07-21,INV17511,HDFC Corp,Subscription,22685
2024-07-22,INV96679,Tata Traders,Training,24987
2024-07-23,INV75461,Wipro Services,Training,16621
2024-07-24,INV26773,HDFC Corp,Software,24121
2024-07-24,INV51733,HDFC Corp,Support,6782
2024-07-24,INV56404,Wipro Services,Subscription,14577
2024-07-25,INV59580,Infosys Ltd,Software,7640
2024-07-25,INV32527,HDFC Corp,Software,12153
2024-07-25,INV33207,HDFC Corp,Software,22604
2024-07-26,INV44802,Tata Traders,Software,39403
2024-07-26,INV18066,Infosys Ltd,Training,17603
2024-07-26,INV36081,Infosys Ltd,Consulting,42858
2024-07-27,INV99849,Mahindra Group,Software,29817
2024-07-27,INV86882,Reliance Retail,Consulting,48890
2024-07-28,INV46424,Mahindra Group,Training,43277
2024-07-28,INV94671,Tata Traders,Support,40016
2024-07-28,INV23255,Tata Traders,Software,7012
2024-07-29,INV16146,Tata Traders,Subscription,32566
2024-07-30,INV73718,Wipro Services,Support,14948
2024-07-30,INV52849,Tata Traders,Support,30265
2024-07-30,INV53922,Tata Traders,Support,49282
2024-07-31,INV79465,HDFC Corp,Software,27073
2024-08-01,INV24232,Mahindra Group,Support,5993
2024-08-01,INV16856,Infosys Ltd,Subscription,40409
2024-08-02,INV49905,Mahindra Group,Subscription,21980
2024-08-02,INV31368,Wipro Services,Support,17775
2024-08-03,INV72730,Mahindra Group,Software,30392
2024-08-03,INV94175,Mahindra Group,Subscription,33655
2024-08-03,INV45508,Infosys Ltd,Training,46024
2024-08-04,INV70630,Tata Traders,Software,47163
2024-08-05,INV56902,Infosys Ltd,Support,43989
2024-08-05,INV61577,Tata Traders,Subscription,23197
2024-08-05,INV25654,Infosys Ltd,Software,26383
2024-08-06,INV74649,Infosys Ltd,Consulting,25999
2024-08-07,INV76936,Infosys Ltd,Support,22942
2024-08-07,INV63167,HDFC Corp,Subscription,41696
2024-08-07,INV31672,Reliance Retail,Subscription,8719
2024-08-08,INV53997,HDFC Corp,Subscription,21315
2024-08-09,INV75145,Mahindra Group,Support,5780
2024-08-09,INV88261,Wipro Services,Training,7170
2024-08-10,INV39088,HDFC Corp,Consulting,9997
2024-08-10,INV88299,HDFC Corp,Software,22823
2024-08-11,INV68935,Tata Traders,Training,35843
2024-08-12,INV90031,Tata Traders,Consulting,7280
2024-08-12,INV79831,Reliance Retail,Software,49446
2024-08-12,INV46658,Infosys Ltd,Training,12364
2024-08-13,INV32280,Tata Traders,Software,11523
2024-08-13,INV39394,Reliance Retail,Subscription,29342
2024-08-14,INV85869,Mahindra Group,Consulting,6908
2024-08-14,INV56427,Reliance Retail,Consulting,46102
2024-08-15,INV52264,HDFC Corp,Consulting,24349
2024-08-16,INV65928,Infosys Ltd,Consulting,33052
2024-08-16,INV30171,Infosys Ltd,Software,32770
2024-08-17,INV29756,Reliance Retail,Subscription,42194
2024-08-17,INV62408,Reliance Retail,Software,8215
2024-08-18,INV83303,Mahindra Group,Software,16264
2024-08-19,INV51103,Reliance Retail,Training,47091
2024-08-19,INV23215,Tata Traders,Software,29115
2024-08-19,INV79790,Infosys Ltd,Training,5452
2024-08-20,INV42641,Infosys Ltd,Subscription,12688
2024-08-20,INV83615,Tata Traders,Training,12335
2024-08-21,INV46719,Tata Traders,Subscription,30078
2024-08-21,INV88352,Mahindra Group,Support,24357
2024-08-21,INV35259,Wipro Services,Subscription,41955
2024-08-22,INV10193,HDFC Corp,Consulting,47149
2024-08-22,INV26928,HDFC Corp,Training,8279
2024-08-22,INV88462,Mahindra Group,Consulting,21211
2024-08-23,INV84980,Reliance Retail,Support,42605
2024-08-23,INV57300,HDFC Corp,Subscription,20196
2024-08-23,INV76773,HDFC Corp,Software,44355
2024-08-24,INV47973,Mahindra Group,Support,12135
2024-08-25,INV23913,Wipro Services,Software,23166
2024-08-25,INV56727,Mahindra Group,Support,32268
2024-08-25,INV26568,Mahindra Group,Support,10395
2024-08-26,INV61828,Reliance Retail,Software,36406
2024-08-26,INV29629,Infosys Ltd,Consulting,46997
2024-08-26,INV63874,Reliance Retail,Training,33939
2024-08-27,INV32997,Wipro Services,Training,40164
2024-08-27,INV72234,Infosys Ltd,Consulting,35508
2024-08-28,INV70667,HDFC Corp,Support,41732
2024-08-29,INV43870,Tata Traders,Consulting,45953
2024-08-30,INV54891,Wipro Services,Consulting,19778
2024-08-30,INV70028,Mahindra Group,Software,12068
2024-08-30,INV15230,Mahindra Group,Subscription,10309
2024-08-31,INV62896,Tata Traders,Subscription,9896
2024-09-01,INV77199,Mahindra Group,Subscription,46446
2024-09-01,INV57386,Infosys Ltd,Consulting,24176
2024-09-02,INV21597,Mahindra Group,Subscription,14159
2024-09-03,INV61816,HDFC Corp,Software,47692
2024-09-03,INV99604,Wipro Services,Software,12621
2024-09-03,INV80150,Mahindra Group,Training,18217
2024-09-04,INV61791,HDFC Corp,Software,11159
2024-09-04,INV68585,HDFC Corp,Subscription,33406
2024-09-04,INV64248,HDFC Corp,Subscription,10709
2024-09-05,INV44204,HDFC Corp,Training,26446
2024-09-06,INV16890,Wipro Services,Support,48612
2024-09-06,INV64489,Infosys Ltd,Support,35759
2024-09-07,INV69389,Reliance Retail,Consulting,40744
2024-09-07,INV98884,Reliance Retail,Subscription,30941
2024-09-08,INV67376,Infosys Ltd,Software,5617
2024-09-08,INV43820,Reliance Retail,Subscription,22224
2024-09-09,INV14595,Tata Traders,Software,35350
2024-09-09,INV67092,Reliance Retail,Consulting,36248
2024-09-10,INV30087,HDFC Corp,Subscription,10323
2024-09-11,INV86881,HDFC Corp,Training,27757
2024-09-11,INV90985,Mahindra Group,Software,29828
2024-09-12,INV27698,Mahindra Group,Subscription,29447
2024-09-13,INV60702,Mahindra Group,Subscription,10782
2024-09-13,INV91967,HDFC Corp,Training,34001
2024-09-14,INV66813,HDFC Corp,Subscription,42426
2024-09-15,INV58308,HDFC Corp,Training,35873
2024-09-15,INV10405,Wipro Services,Training,48368
2024-09-15,INV25174,Reliance Retail,Software,44074
2024-09-16,INV22645,HDFC Corp,Support,42930
2024-09-16,INV82793,Tata Traders,Software,34169
2024-09-16,INV13721,Infosys Ltd,Software,31862
2024-09-17,INV89719,HDFC Corp,Support,49104
2024-09-18,INV76019,Mahindra Group,Training,15703
2024-09-18,INV73553,Infosys Ltd,Support,43417
2024-09-19,INV61831,Mahindra Group,Training,24242
2024-09-19,INV76103,HDFC Corp,Training,14074
2024-09-20,INV47491,HDFC Corp,Software,22338
2024-09-20,INV38978,Infosys Ltd,Consulting,26976
2024-09-21,INV52287,Reliance Retail,Subscription,26591
2024-09-21,INV50414,HDFC Corp,Software,40880
2024-09-22,INV91026,Mahindra Group,Software,35809
2024-09-23,INV92553,Infosys Ltd,Training,49336
2024-09-23,INV14329,Mahindra Group,Consulting,33645
2024-09-23,INV65543,Mahindra Group,Software,32256
2024-09-24,INV99283,HDFC Corp,Consulting,28058
2024-09-24,INV67796,Reliance Retail,Support,37215
2024-09-25,INV92430,Tata Traders,Consulting,6907
2024-09-26,INV81541,Tata Traders,Training,40363
2024-09-27,INV79912,Wipro Services,Support,33211
2024-09-27,INV23485,Mahindra Group,Consulting,23555
2024-09-27,INV89663,Infosys Ltd,Training,30614
2024-09-28,INV50273,HDFC Corp,Subscription,36362
2024-09-28,INV84491,Wipro Services,Subscription,5535
2024-09-29,INV32481,Wipro Services,Subscription,37882
2024-09-29,INV49757,HDFC Corp,Software,29909
2024-09-29,INV41628,Mahindra Group,Support,8801
2024-09-30,INV20890,Reliance Retail,Subscription,16693
2024-09-30,INV17868,Infosys Ltd,Training,20975
2024-10-01,INV63831,Wipro Services,Support,12982
2024-10-01,INV56477,HDFC Corp,Consulting,5969
2024-10-02,INV70026,Reliance Retail,Consulting,17266
2024-10-02,INV87651,Infosys Ltd,Support,39020
2024-10-02,INV15728,Tata Traders,Software,27893
2024-10-03,INV74447,HDFC Corp,Consulting,28825
2024-10-03,INV76713,Tata Traders,Subscription,34122
2024-10-03,INV73799,HDFC Corp,Training,26303
2024-10-04,INV52000,Tata Traders,Software,13718
2024-10-04,INV78661,Reliance Retail,Subscription,38935
2024-10-04,INV15227,Infosys Ltd,Subscription,47308
2024-10-05,INV64578,Wipro Services,Training,44954
2024-10-06,INV42069,Infosys Ltd,Subscription,36523
2024-10-06,INV71862,Mahindra Group,Training,20440
2024-10-07,INV16110,Tata Traders,Training,39480
2024-10-07,INV82433,Infosys Ltd,Subscription,11620
2024-10-07,INV30094,Tata Traders,Support,14997
2024-10-08,INV37749,Infosys Ltd,Subscription,43176
2024-10-09,INV12694,Reliance Retail,Consulting,7305
2024-10-09,INV92944,Tata Traders,Support,25157
2024-10-10,INV83170,HDFC Corp,Training,40679
2024-10-11,INV29432,Infosys Ltd,Subscription,41246
2024-10-11,INV12139,Mahindra Group,Training,5503
2024-10-11,INV11503,Reliance Retail,Consulting,16095
2024-10-12,INV97555,Wipro Services,Support,43308
2024-10-12,INV38638,Mahindra Group,Subscription,31671
2024-10-12,INV27618,Infosys Ltd,Support,43005
2024-10-13,INV46288,Mahindra Group,Support,9351
2024-10-14,INV47413,Wipro Services,Subscription,10024
2024-10-14,INV51473,HDFC Corp,Support,19363
2024-10-15,INV76054,Reliance Retail,Subscription,5601
2024-10-16,INV49464,Wipro Services,Consulting,39142
2024-10-16,INV68796,Mahindra Group,Support,31099
2024-10-17,INV94701,Reliance Retail,Subscription,34855
2024-10-17,INV10200,Tata Traders,Software,19299
2024-10-17,INV93554,Mahindra Group,Training,10994
2024-10-18,INV50749,Wipro Services,Consulting,6607
2024-10-19,INV14095,Wipro Services,Training,40530
2024-10-19,INV61971,HDFC Corp,Support,24919
2024-10-19,INV67319,Infosys Ltd,Training,21379
2024-10-20,INV99093,Infosys Ltd,Consulting,45072
2024-10-21,INV64153,Mahindra Group,Software,44366
2024-10-21,INV39156,Mahindra Group,Subscription,48164
2024-10-21,INV43858,Tata Traders,Training,19057
2024-10-22,INV30630,Reliance Retail,Training,39498
2024-10-23,INV45124,Tata Traders,Training,38588
2024-10-23,INV76519,Tata Traders,Subscription,38518
2024-10-24,INV16114,HDFC Corp,Support,8562
2024-10-24,INV79321,Tata Traders,Consulting,30169
2024-10-25,INV60473,Wipro Services,Software,47677
2024-10-25,INV59109,HDFC Corp,Subscription,44685
2024-10-25,INV50434,Infosys Ltd,Support,37019
2024-10-26,INV19663,HDFC Corp,Consulting,28068
2024-10-26,INV51236,Mahindra Group,Support,22576
2024-10-27,INV85542,Wipro Services,Consulting,43503
2024-10-27,INV59634,HDFC Corp,Consulting,5705
2024-10-27,INV47547,Infosys Ltd,Consulting,14275
2024-10-28,INV65970,Tata Traders,Consulting,46255
2024-10-28,INV23425,Infosys Ltd,Subscription,27424
2024-10-29,INV20358,Mahindra Group,Consulting,20529
2024-10-29,INV90313,HDFC Corp,Consulting,26677
2024-10-29,INV71903,Wipro Services,Consulting,35477
2024-10-30,INV32699,Tata Traders,Support,46232
2024-10-30,INV95167,Mahindra Group,Support,29729
2024-10-30,INV32454,Mahindra Group,Support,22269
2024-10-31,INV87939,Tata Traders,Support,49200
2024-10-31,INV68394,Reliance Retail,Software,29487
2024-11-01,INV80325,Wipro Services,Subscription,11330
2024-11-01,INV87431,Reliance Retail,Support,16451
2024-11-02,INV50922,Reliance Retail,Subscription,28257
2024-11-02,INV18713,Wipro Services,Software,46387
2024-11-02,INV13730,Wipro Services,Support,33833
2024-11-03,INV81695,Tata Traders,Training,35382
2024-11-03,INV79235,Tata Traders,Subscription,28957
2024-11-03,INV39360,Wipro Services,Consulting,18024
2024-11-04,INV23505,Infosys Ltd,Consulting,18113
2024-11-04,INV83246,Reliance Retail,Subscription,24695
2024-11-04,INV62814,Tata Traders,Subscription,13372
2024-11-05,INV64524,Wipro Services,Support,28827
2024-11-06,INV69343,Reliance Retail,Training,5022
2024-11-07,INV50065,Reliance Retail,Subscription,21960
2024-11-08,INV79522,HDFC Corp,Consulting,39823
2024-11-09,INV94410,Tata Traders,Software,13702
2024-11-09,INV68326,HDFC Corp,Consulting,46421
2024-11-09,INV71162,Tata Traders,Subscription,39836
2024-11-10,INV22550,HDFC Corp,Software,29199
2024-11-11,INV13149,Mahindra Group,Subscription,22435
2024-11-11,INV80497,HDFC Corp,Subscription,30859
2024-11-11,INV70487,Tata Traders,Support,36479
2024-11-12,INV57118,Wipro Services,Software,49828
2024-11-12,INV74108,Infosys Ltd,Support,34019
2024-11-13,INV57640,Mahindra Group,Support,9455
2024-11-13,INV92894,Mahindra Group,Support,21602
2024-11-13,INV24623,Wipro Services,Subscription,30518
2024-11-14,INV93150,Mahindra Group,Subscription,32706
2024-11-14,INV88114,Reliance Retail,Training,47956
2024-11-15,INV30879,HDFC Corp,Consulting,6914
2024-11-15,INV65034,Tata Traders,Training,32870
2024-11-15,INV45473,HDFC Corp,Software,28953
2024-11-16,INV45198,Reliance Retail,Training,31909
2024-11-16,INV66123,HDFC Corp,Subscription,21655
2024-11-16,INV34694,Infosys Ltd,Consulting,30968
2024-11-17,INV40096,Tata Traders,Support,35311
2024-11-18,INV45401,HDFC Corp,Software,29792
2024-11-18,INV11958,Infosys Ltd,Software,9167
2024-11-19,INV56736,Wipro Services,Software,24362
2024-11-19,INV95802,Tata Traders,Software,19649
2024-11-19,INV51842,HDFC Corp,Support,8978
2024-11-20,INV68983,Tata Traders,Support,24105
2024-11-20,INV54277,Reliance Retail,Consulting,42624
2024-11-21,INV14945,Mahindra Group,Training,25808
2024-11-21,INV17087,Infosys Ltd,Subscription,30268
2024-11-21,INV26528,HDFC Corp,Software,42188
2024-11-22,INV99087,Wipro Services,Support,24871
2024-11-22,INV74217,Infosys Ltd,Support,44990
2024-11-22,INV98573,HDFC Corp,Consulting,19693
2024-11-23,INV57661,Infosys Ltd,Software,10485
2024-11-23,INV44337,Tata Traders,Subscription,46078
2024-11-23,INV24407,Tata Traders,Subscription,27056
2024-11-24,INV37017,Infosys Ltd,Subscription,18274
2024-11-24,INV71068,HDFC Corp,Training,16200
2024-11-25,INV75531,Wipro Services,Training,31898
2024-11-25,INV97153,Mahindra Group,Training,38297
2024-11-26,INV73615,Wipro Services,Consulting,25148
2024-11-26,INV85751,Infosys Ltd,Subscription,38498
2024-11-26,INV65376,HDFC Corp,Subscription,48314
2024-11-27,INV22603,Reliance Retail,Subscription,40274
2024-11-28,INV59772,HDFC Corp,Consulting,20183
2024-11-28,INV42051,HDFC Corp,Subscription,36236
2024-11-29,INV90307,Reliance Retail,Software,20433
2024-11-30,INV34791,Wipro Services,Training,16349
2024-11-30,INV78804,Reliance Retail,Training,30713
2024-12-01,INV75157,Infosys Ltd,Software,31842
2024-12-01,INV47612,Wipro Services,Software,38458
2024-12-01,INV84744,Mahindra Group,Support,31288
2024-12-02,INV75126,Infosys Ltd,Support,14243
2024-12-03,INV10958,Wipro Services,Software,11430
2024-12-03,INV52411,Mahindra Group,Support,31071
2024-12-04,INV41838,Mahindra Group,Consulting,8606
2024-12-04,INV35260,Reliance Retail,Support,35393
2024-12-04,INV19332,Mahindra Group,Subscription,5958
2024-12-05,INV13799,Infosys Ltd,Software,49463
2024-12-06,INV77631,Infosys Ltd,Software,18610
2024-12-07,INV83168,Reliance Retail,Support,13981
2024-12-07,INV67886,Reliance Retail,Training,40513
2024-12-08,INV39862,Mahindra Group,Consulting,23151
2024-12-08,INV92909,Tata Traders,Subscription,46344
2024-12-08,INV81035,Reliance Retail,Training,7547
2024-12-09,INV52343,Reliance Retail,Consulting,34205
2024-12-09,INV38244,Infosys Ltd,Support,19839
2024-12-09,INV36976,HDFC Corp,Support,25716
2024-12-10,INV38308,Wipro Services,Training,8050
2024-12-11,INV63733,HDFC Corp,Support,19043
2024-12-11,INV20737,Infosys Ltd,Support,13586
2024-12-12,INV16206,Tata Traders,Training,5499
2024-12-13,INV20713,HDFC Corp,Subscription,21522
2024-12-13,INV71763,Infosys Ltd,Subscription,17913
2024-12-13,INV80334,Mahindra Group,Subscription,32495
2024-12-14,INV22182,Tata Traders,Subscription,36645
2024-12-15,INV88626,Tata Traders,Training,22204
2024-12-16,INV60659,Wipro Services,Training,31805
2024-12-16,INV68976,Mahindra Group,Support,33937
2024-12-17,INV42744,Tata Traders,Subscription,32870
2024-12-17,INV21809,HDFC Corp,Software,16895
2024-12-18,INV50862,Wipro Services,Subscription,40246
2024-12-18,INV25447,HDFC Corp,Subscription,28701
2024-12-18,INV50949,HDFC Corp,Support,5214
2024-12-19,INV85849,Infosys Ltd,Software,13854
2024-12-19,INV35688,Reliance Retail,Subscription,23475
2024-12-19,INV97304,Tata Traders,Software,25700
2024-12-20,INV24746,Infosys Ltd,Support,23035
2024-12-20,INV48241,Tata Traders,Subscription,22292
2024-12-20,INV22360,Reliance Retail,Subscription,45314
2024-12-21,INV70215,HDFC Corp,Subscription,22393
2024-12-21,INV91660,HDFC Corp,Training,9599
2024-12-21,INV29888,HDFC Corp,Support,10899
2024-12-22,INV47170,Tata Traders,Support,25419
2024-12-22,INV48245,Tata Traders,Support,15121
2024-12-23,INV94562,Infosys Ltd,Subscription,34310
2024-12-23,INV92191,Reliance Retail,Support,28689
2024-12-24,INV24140,HDFC Corp,Software,8899
2024-12-24,INV11627,Reliance Retail,Software,5148
2024-12-25,INV47925,Mahindra Group,Software,9630
2024-12-25,INV88171,HDFC Corp,Support,25541
2024-12-26,INV36529,HDFC Corp,Subscription,42708
2024-12-26,INV75248,Infosys Ltd,Subscription,17758
2024-12-27,INV21269,Infosys Ltd,Consulting,41508
2024-12-27,INV65395,HDFC Corp,Software,12767
2024-12-28,INV76723,Wipro Services,Support,5785
2024-12-29,INV89583,Reliance Retail,Software,11314
2024-12-29,INV78087,HDFC Corp,Training,20227
2024-12-30,INV11355,Wipro Services,Subscription,26510
2024-12-31,INV92760,Tata Traders,Software,26587
2025-01-01,INV46482,HDFC Corp,Support,5482
2025-01-01,INV43328,Tata Traders,Consulting,43041
2025-01-01,INV20631,Mahindra Group,Training,27691
2025-01-02,INV62165,Mahindra Group,Subscription,36814
2025-01-02,INV60898,Tata Traders,Training,36546
2025-01-03,INV53176,HDFC Corp,Software,37996
2025-01-03,INV69095,HDFC Corp,Consulting,37819
2025-01-03,INV25661,Wipro Services,Subscription,11967
2025-01-04,INV49681,HDFC Corp,Consulting,14221
2025-01-04,INV10220,Reliance Retail,Consulting,27480
2025-01-04,INV13904,Infosys Ltd,Software,30310
2025-01-05,INV78485,Reliance Retail,Subscription,12432
2025-01-05,INV33149,Wipro Services,Software,34884
2025-01-06,INV80360,Infosys Ltd,Training,45725
2025-01-07,INV82636,Reliance Retail,Consulting,47040
2025-01-07,INV42649,Mahindra Group,Software,38452
2025-01-07,INV28167,Tata Traders,Training,34643
2025-01-08,INV13526,Tata Traders,Software,7389
2025-01-09,INV55316,Mahindra Group,Consulting,37040
2025-01-09,INV51727,Infosys Ltd,Training,26906
2025-01-10,INV23248,Tata Traders,Software,43913
2025-01-11,INV60683,Wipro Services,Subscription,28856
2025-01-11,INV60095,Reliance Retail,Support,37638
2025-01-11,INV84469,Reliance Retail,Consulting,6420
2025-01-12,INV15864,Infosys Ltd,Subscription,25934
2025-01-12,INV69703,Reliance Retail,Subscription,7964
2025-01-12,INV20338,Mahindra Group,Support,38367
2025-01-13,INV17905,Wipro Services,Support,44946
2025-01-14,INV68357,Tata Traders,Software,48997
2025-01-15,INV76219,Infosys Ltd,Subscription,16882
2025-01-15,INV67550,Tata Traders,Subscription,21527
2025-01-16,INV39426,HDFC Corp,Consulting,26108
2025-01-16,INV33287,HDFC Corp,Training,13937
2025-01-16,INV52403,HDFC Corp,Training,40115
2025-01-17,INV68688,HDFC Corp,Software,28086
2025-01-17,INV11821,Mahindra Group,Software,19533
2025-01-17,INV87896,Tata Traders,Training,33606
2025-01-18,INV26385,Tata Traders,Subscription,34968
2025-01-18,INV39048,HDFC Corp,Consulting,31250
2025-01-18,INV47614,Infosys Ltd,Support,42241
2025-01-19,INV27022,Mahindra Group,Software,37774
2025-01-19,INV86914,Tata Traders,Support,22764
2025-01-19,INV31281,Infosys Ltd,Support,31818
2025-01-20,INV29564,Tata Traders,Software,17876
2025-01-20,INV49909,Mahindra Group,Training,14151
2025-01-21,INV90229,HDFC Corp,Training,11728
2025-01-21,INV78949,Wipro Services,Consulting,46989
2025-01-21,INV36764,Mahindra Group,Subscription,39182
2025-01-22,INV30813,Mahindra Group,Support,30361
2025-01-22,INV26417,Infosys Ltd,Training,15410
2025-01-23,INV89537,Reliance Retail,Software,19711
2025-01-24,INV51123,Wipro Services,Consulting,41451
2025-01-24,INV16444,Mahindra Group,Support,33227
2025-01-24,INV84828,Infosys Ltd,Software,48092
2025-01-25,INV54522,HDFC Corp,Subscription,17841
2025-01-26,INV81982,Infosys Ltd,Software,16997
2025-01-26,INV99480,Wipro Services,Consulting,7506
2025-01-26,INV14250,Mahindra Group,Software,15325
2025-01-27,INV87746,HDFC Corp,Consulting,30595
2025-01-27,INV75393,Infosys Ltd,Support,43975
2025-01-28,INV61737,Wipro Services,Training,26467
2025-01-28,INV13336,Reliance Retail,Software,43246
2025-01-28,INV75333,Reliance Retail,Training,6005
2025-01-29,INV18944,HDFC Corp,Support,44140
2025-01-29,INV39117,Reliance Retail,Training,36893
2025-01-29,INV71885,Reliance Retail,Training,34858
2025-01-30,INV54764,Wipro Services,Support,26504
2025-01-31,INV51279,Tata Traders,Subscription,23630
2025-02-01,INV63707,Infosys Ltd,Subscription,7357
2025-02-01,INV11651,Reliance Retail,Subscription,35333
2025-02-02,INV26113,Tata Traders,Consulting,29693
2025-02-02,INV43369,Mahindra Group,Software,24161
2025-02-03,INV12993,Mahindra Group,Support,24934
2025-02-03,INV44584,Reliance Retail,Software,22383
2025-02-03,INV57712,Tata Traders,Subscription,14149
2025-02-04,INV50036,Reliance Retail,Training,32980
2025-02-04,INV89067,Reliance Retail,Subscription,45641
2025-02-05,INV75110,HDFC Corp,Subscription,48936
2025-02-05,INV50421,Tata Traders,Consulting,46707
2025-02-05,INV60432,HDFC Corp,Software,24527
2025-02-06,INV59886,Mahindra Group,Subscription,25257
2025-02-06,INV60685,HDFC Corp,Support,12042
2025-02-07,INV46004,Wipro Services,Software,14133
2025-02-08,INV43809,Mahindra Group,Consulting,41021
2025-02-08,INV17158,HDFC Corp,Consulting,18725
2025-02-09,INV24558,Reliance Retail,Consulting,10604
2025-02-10,INV12317,Tata Traders,Consulting,37541
2025-02-10,INV90660,Reliance Retail,Consulting,6367
2025-02-11,INV24371,Reliance Retail,Consulting,13416
2025-02-12,INV17604,HDFC Corp,Software,42927
2025-02-12,INV97153,HDFC Corp,Training,13118
2025-02-12,INV27295,HDFC Corp,Software,20371
2025-02-13,INV70106,Wipro Services,Subscription,41824
2025-02-13,INV67834,Mahindra Group,Software,31230
2025-02-13,INV39936,Mahindra Group,Training,20828
2025-02-14,INV27206,Reliance Retail,Support,42647
2025-02-15,INV79096,Infosys Ltd,Subscription,35526
2025-02-15,INV16327,HDFC Corp,Software,5946
2025-02-15,INV22761,Tata Traders,Subscription,32096
2025-02-16,INV36212,Infosys Ltd,Consulting,26814
2025-02-16,INV53214,Mahindra Group,Software,15038
2025-02-17,INV11730,Wipro Services,Software,8482
2025-02-18,INV20141,Infosys Ltd,Subscription,9578
2025-02-18,INV97971,Reliance Retail,Software,23463
2025-02-19,INV41434,Mahindra Group,Subscription,26013
2025-02-19,INV15200,Mahindra Group,Support,7460
2025-02-20,INV88629,Mahindra Group,Subscription,48444
2025-02-20,INV55702,Infosys Ltd,Consulting,22906
2025-02-20,INV51041,Mahindra Group,Training,10006
2025-02-21,INV88631,Mahindra Group,Support,42736
2025-02-21,INV29926,Infosys Ltd,Consulting,38832
2025-02-22,INV41454,HDFC Corp,Support,10194
2025-02-23,INV50542,Infosys Ltd,Training,32709
2025-02-24,INV42676,HDFC Corp,Subscription,21644
2025-02-24,INV69994,Reliance Retail,Software,26112
2025-02-25,INV50036,Reliance Retail,Support,26545
2025-02-26,INV85310,Wipro Services,Support,25323
2025-02-26,INV32390,Mahindra Group,Training,27553
2025-02-27,INV49554,Reliance Retail,Support,11141
2025-02-27,INV45128,Wipro Services,Software,7830
2025-02-28,INV15201,HDFC Corp,Training,32117
2025-03-01,INV68082,Infosys Ltd,Support,20613
2025-03-02,INV61916,Wipro Services,Training,46324
2025-03-02,INV55628,Wipro Services,Software,30475
2025-03-03,INV86728,Infosys Ltd,Training,36132
2025-03-04,INV73784,Infosys Ltd,Software,8063
2025-03-05,INV47415,Infosys Ltd,Training,29877
2025-03-06,INV44077,Reliance Retail,Subscription,31106
2025-03-06,INV60973,HDFC Corp,Consulting,32330
2025-03-07,INV81101,Reliance Retail,Software,48481
2025-03-08,INV88102,Infosys Ltd,Training,16868
2025-03-09,INV37086,Wipro Services,Support,11039
2025-03-09,INV21917,Reliance Retail,Software,38045
2025-03-10,INV19342,HDFC Corp,Training,14357
2025-03-10,INV71927,Wipro Services,Consulting,42555
2025-03-11,INV30558,Tata Traders,Software,6541
2025-03-11,INV56670,Reliance Retail,Subscription,45502
2025-03-12,INV36156,HDFC Corp,Support,29463
2025-03-12,INV74560,Tata Traders,Training,37724
2025-03-12,INV69299,HDFC Corp,Software,32375
2025-03-13,INV13644,HDFC Corp,Subscription,39684
2025-03-13,INV73862,Wipro Services,Subscription,23255
2025-03-14,INV14966,HDFC Corp,Software,32387
2025-03-14,INV18011,Tata Traders,Software,27715
2025-03-14,INV16899,Tata Traders,Software,21942
2025-03-15,INV79614,Reliance Retail,Training,7190
2025-03-15,INV93386,Wipro Services,Subscription,41334
2025-03-16,INV59893,HDFC Corp,Support,24648
2025-03-17,INV22192,Wipro Services,Support,33446
2025-03-18,INV72360,Infosys Ltd,Support,11947
2025-03-18,INV68483,Tata Traders,Consulting,26471
2025-03-19,INV16954,Mahindra Group,Training,16989
2025-03-19,INV79382,Mahindra Group,Support,45222
2025-03-20,INV82604,Wipro Services,Training,35897
2025-03-20,INV81329,Wipro Services,Training,38491
2025-03-21,INV72168,HDFC Corp,Training,49046
2025-03-21,INV13575,Mahindra Group,Training,23563
2025-03-21,INV30649,Reliance Retail,Training,35105
2025-03-22,INV63500,Mahindra Group,Software,5776
2025-03-22,INV42743,Wipro Services,Software,48812
2025-03-22,INV68574,HDFC Corp,Subscription,32975
2025-03-23,INV34712,Mahindra Group,Subscription,14161
2025-03-23,INV63928,HDFC Corp,Software,36198
2025-03-23,INV31515,Tata Traders,Software,43112
2025-03-24,INV54150,Infosys Ltd,Consulting,11867
2025-03-24,INV69776,Mahindra Group,Software,46366
2025-03-24,INV37565,Tata Traders,Software,11972
2025-03-25,INV54861,Tata Traders,Subscription,48257
2025-03-25,INV35590,Tata Traders,Consulting,44845
2025-03-25,INV96774,Reliance Retail,Software,36485
2025-03-26,INV65754,Infosys Ltd,Support,9333
2025-03-26,INV15596,Wipro Services,Support,44899
2025-03-26,INV45070,Reliance Retail,Training,36105
2025-03-27,INV92862,Mahindra Group,Support,18131
2025-03-27,INV74290,Mahindra Group,Training,33747
2025-03-28,INV95925,Mahindra Group,Support,40104
2025-03-29,INV28905,Mahindra Group,Subscription,31738
2025-03-30,INV58478,Wipro Services,Support,40804
2025-03-31,INV98449,Infosys Ltd,Support,15459
2025-03-31,INV48817,Wipro Services,Consulting,44783
2025-04-01,INV73208,Tata Traders,Training,29769
2025-04-01,INV43088,HDFC Corp,Subscription,45257
2025-04-02,INV34926,Infosys Ltd,Subscription,35615
2025-04-02,INV32719,Infosys Ltd,Software,32354
2025-04-02,INV96915,Mahindra Group,Support,42124
2025-04-03,INV10286,Wipro Services,Training,37470
2025-04-03,INV83168,HDFC Corp,Support,37482
2025-04-04,INV49110,Mahindra Group,Software,47915
2025-04-04,INV78632,Reliance Retail,Consulting,7214
2025-04-04,INV70892,Wipro Services,Software,11411
2025-04-05,INV81440,Tata Traders,Consulting,28334
2025-04-05,INV29399,HDFC Corp,Training,23005
2025-04-05,INV72311,HDFC Corp,Software,12320
2025-04-06,INV40273,Wipro Services,Subscription,45490
2025-04-07,INV82915,Wipro Services,Software,11468
2025-04-07,INV70228,Infosys Ltd,Subscription,11661
2025-04-07,INV96432,Reliance Retail,Consulting,11554
2025-04-08,INV71239,Reliance Retail,Software,23991
2025-04-09,INV52521,Tata Traders,Support,40980
2025-04-09,INV31201,HDFC Corp,Subscription,16323
2025-04-10,INV40273,Infosys Ltd,Consulting,12673
2025-04-11,INV97670,HDFC Corp,Training,42463
2025-04-11,INV26132,HDFC Corp,Software,25638
2025-04-11,INV77953,HDFC Corp,Support,36528
2025-04-12,INV87854,Mahindra Group,Training,31513
2025-04-12,INV51482,Mahindra Group,Consulting,10770
2025-04-13,INV58821,Infosys Ltd,Training,38985
2025-04-14,INV12021,Reliance Retail,Software,38098
2025-04-14,INV33052,Reliance Retail,Support,18267
2025-04-15,INV48392,Reliance Retail,Training,26966
2025-04-15,INV43412,Reliance Retail,Software,33597
2025-04-16,INV42541,Mahindra Group,Support,41751
2025-04-17,INV81011,Reliance Retail,Software,6381
2025-04-18,INV74352,Wipro Services,Training,33036
2025-04-19,INV65872,Reliance Retail,Software,29717
2025-04-20,INV31720,Tata Traders,Subscription,5777
2025-04-20,INV38941,Tata Traders,Subscription,19833
2025-04-20,INV57546,Wipro Services,Subscription,22155
2025-04-21,INV41217,Infosys Ltd,Subscription,19102
2025-04-22,INV43635,Infosys Ltd,Training,25982
2025-04-23,INV20480,Tata Traders,Support,7281
2025-04-23,INV30175,Reliance Retail,Training,31805
2025-04-24,INV98408,Infosys Ltd,Support,24740
2025-04-25,INV99178,Mahindra Group,Training,19893
2025-04-25,INV12472,Reliance Retail,Software,10109
2025-04-26,INV66464,Wipro Services,Software,49801
2025-04-27,INV65528,Wipro Services,Training,21281
2025-04-28,INV96651,Wipro Services,Subscription,44605
2025-04-29,INV34644,Tata Traders,Support,8521
2025-04-30,INV60459,Reliance Retail,Software,41828
2025-04-30,INV27922,Tata Traders,Support,49520
2025-04-30,INV24402,Tata Traders,Software,37065
2025-05-01,INV26895,Tata Traders,Support,15614
2025-05-01,INV13196,Mahindra Group,Consulting,7245
2025-05-01,INV22215,Reliance Retail,Software,40763
2025-05-02,INV93250,Mahindra Group,Software,29340
2025-05-02,INV54032,Reliance Retail,Consulting,6794
2025-05-03,INV18202,Wipro Services,Consulting,6013
2025-05-03,INV53229,Wipro Services,Support,33271
2025-05-04,INV13081,Wipro Services,Consulting,20735
2025-05-05,INV76301,Mahindra Group,Training,34960
2025-05-05,INV13509,Mahindra Group,Subscription,24895
2025-05-05,INV20449,Mahindra Group,Training,21071
2025-05-06,INV78215,Reliance Retail,Subscription,25205
2025-05-06,INV93859,Reliance Retail,Consulting,15347
2025-05-06,INV85920,Tata Traders,Subscription,35069
2025-05-07,INV63819,Wipro Services,Software,9414
2025-05-07,INV55580,Reliance Retail,Support,24927
2025-05-08,INV87965,Wipro Services,Subscription,36287
2025-05-09,INV59572,Mahindra Group,Training,9190
2025-05-09,INV86900,Reliance Retail,Support,35548
2025-05-10,INV66294,Infosys Ltd,Training,44351
2025-05-10,INV64387,Wipro Services,Training,48132
2025-05-11,INV87520,Tata Traders,Support,22165
2025-05-11,INV21135,Mahindra Group,Consulting,42251
2025-05-12,INV91205,Wipro Services,Software,16115
2025-05-12,INV10053,Mahindra Group,Consulting,26246
2025-05-13,INV45776,Infosys Ltd,Subscription,47410
2025-05-13,INV44275,Wipro Services,Support,33067
2025-05-14,INV88179,Mahindra Group,Support,32813
2025-05-15,INV93823,Infosys Ltd,Training,30158
2025-05-15,INV12551,Mahindra Group,Support,11907
2025-05-15,INV40495,HDFC Corp,Training,26119
2025-05-16,INV11491,HDFC Corp,Software,13637
2025-05-17,INV55877,Mahindra Group,Support,40139
2025-05-17,INV46043,Reliance Retail,Consulting,45425
2025-05-18,INV36392,Reliance Retail,Software,48401
2025-05-18,INV73911,Infosys Ltd,Support,31462
2025-05-19,INV96262,Reliance Retail,Subscription,9737
2025-05-20,INV51600,Infosys Ltd,Software,10874
2025-05-20,INV83126,Infosys Ltd,Support,39509
2025-05-20,INV75535,Wipro Services,Subscription,39906
2025-05-21,INV79931,Mahindra Group,Consulting,20039
2025-05-22,INV68120,Wipro Services,Consulting,32317
2025-05-22,INV23842,Tata Traders,Subscription,30989
2025-05-23,INV44189,Reliance Retail,Support,36566
2025-05-23,INV92609,Reliance Retail,Training,34328
2025-05-24,INV22797,HDFC Corp,Training,44965
2025-05-25,INV31479,Wipro Services,Training,47164
2025-05-25,INV18907,HDFC Corp,Training,28056
2025-05-26,INV86230,Reliance Retail,Software,41987
2025-05-26,INV88047,Infosys Ltd,Support,9827
2025-05-26,INV84152,HDFC Corp,Consulting,26220
2025-05-27,INV28473,HDFC Corp,Subscription,12570
2025-05-27,INV96067,HDFC Corp,Subscription,24506
2025-05-27,INV13411,HDFC Corp,Training,36266
2025-05-28,INV23525,HDFC Corp,Training,37955
2025-05-28,INV49116,HDFC Corp,Training,20523
2025-05-28,INV77485,Infosys Ltd,Support,6136
2025-05-29,INV27950,Tata Traders,Software,47801
2025-05-29,INV56492,Mahindra Group,Training,46697
2025-05-29,INV80028,Mahindra Group,Subscription,35599
2025-05-30,INV30612,Reliance Retail,Subscription,8662
2025-05-30,INV25064,Infosys Ltd,Training,38039
2025-05-31,INV12933,Wipro Services,Subscription,46092
2025-06-01,INV42711,Tata Traders,Support,34176
2025-06-01,INV70129,Wipro Services,Software,36153
2025-06-02,INV78061,Reliance Retail,Training,25190
2025-06-02,INV21819,Tata Traders,Training,13876
2025-06-03,INV11100,Mahindra Group,Training,42937
2025-06-04,INV33561,HDFC Corp,Support,12912
2025-06-05,INV77132,Wipro Services,Software,32355
2025-06-06,INV55890,Infosys Ltd,Support,23844
2025-06-06,INV98663,Tata Traders,Support,27784
2025-06-06,INV55046,Reliance Retail,Subscription,6200
2025-06-07,INV47085,Infosys Ltd,Software,22176
2025-06-07,INV54794,Mahindra Group,Software,23072
2025-06-08,INV32787,Tata Traders,Software,36413
2025-06-08,INV72951,Wipro Services,Subscription,13903
2025-06-09,INV89093,Mahindra Group,Software,20260
2025-06-09,INV28179,HDFC Corp,Subscription,27022
2025-06-10,INV44493,Tata Traders,Consulting,12751
2025-06-10,INV10777,Mahindra Group,Support,20512
2025-06-11,INV12659,Infosys Ltd,Support,28840
2025-06-11,INV45629,Tata Traders,Software,6078
2025-06-12,INV68718,Mahindra Group,Software,37179
2025-06-13,INV97661,Infosys Ltd,Subscription,43375
2025-06-14,INV26729,Reliance Retail,Subscription,27649
2025-06-14,INV87763,Reliance Retail,Training,42336
2025-06-15,INV74497,Infosys Ltd,Support,12975
2025-06-16,INV45578,Reliance Retail,Support,43029
2025-06-16,INV22669,Tata Traders,Support,49716
2025-06-17,INV95961,HDFC Corp,Subscription,24044
2025-06-18,INV18292,Reliance Retail,Software,33705
2025-06-18,INV35963,Wipro Services,Software,17122
2025-06-19,INV97305,Mahindra Group,Subscription,30415
2025-06-20,INV61021,HDFC Corp,Subscription,48350
2025-06-21,INV74862,Wipro Services,Consulting,45082
2025-06-21,INV61617,Wipro Services,Training,17819
2025-06-21,INV63130,Reliance Retail,Support,10536
2025-06-22,INV41954,Reliance Retail,Software,16849
2025-06-23,INV80548,Infosys Ltd,Consulting,24280
2025-06-23,INV42191,Reliance Retail,Subscription,13584
2025-06-24,INV16445,Reliance Retail,Training,31217
2025-06-25,INV22700,Tata Traders,Training,5783
2025-06-25,INV93597,Tata Traders,Support,48942
2025-06-25,INV13673,Mahindra Group,Support,16440
2025-06-26,INV90113,Tata Traders,Software,21962
2025-06-27,INV42432,Infosys Ltd,Consulting,25620
2025-06-27,INV75938,HDFC Corp,Support,44336
2025-06-27,INV32273,Tata Traders,Training,14901
2025-06-28,INV59364,Wipro Services,Software,18727
2025-06-29,INV94149,Wipro Services,Consulting,6910
2025-06-29,INV28331,Reliance Retail,Consulting,15663
2025-06-30,INV40632,Wipro Services,Consulting,35183
2025-07-01,INV59900,Reliance Retail,Software,44028
2025-07-01,INV99274,Wipro Services,Consulting,39654
2025-07-02,INV76601,Wipro Services,Training,13349
2025-07-02,INV78217,HDFC Corp,Subscription,17310
2025-07-02,INV49213,HDFC Corp,Software,47895
2025-07-03,INV86959,Mahindra Group,Training,18850
2025-07-04,INV24262,HDFC Corp,Support,8514
2025-07-04,INV23033,Tata Traders,Training,39972
2025-07-04,INV88957,Mahindra Group,Consulting,5729
2025-07-05,INV31807,Mahindra Group,Software,30167
2025-07-05,INV13019,Infosys Ltd,Subscription,15162
2025-07-05,INV71658,Infosys Ltd,Consulting,33532
2025-07-06,INV25795,Reliance Retail,Support,45660
2025-07-06,INV77242,HDFC Corp,Training,45617
2025-07-06,INV13654,Mahindra Group,Consulting,42107
2025-07-07,INV89733,Infosys Ltd,Training,39293
2025-07-08,INV16014,Wipro Services,Software,45052
2025-07-08,INV94231,HDFC Corp,Training,30054
2025-07-08,INV77572,Tata Traders,Software,34267
2025-07-09,INV52001,HDFC Corp,Subscription,24678
2025-07-10,INV87336,HDFC Corp,Training,8929
2025-07-11,INV26057,Mahindra Group,Software,15676
2025-07-11,INV21427,Mahindra Group,Support,6214
2025-07-12,INV31181,Reliance Retail,Training,25721
2025-07-13,INV65527,Wipro Services,Subscription,25955
2025-07-14,INV57631,Tata Traders,Training,12954
2025-07-14,INV15788,Wipro Services,Subscription,43429
2025-07-15,INV67872,Wipro Services,Training,8104
2025-07-15,INV48373,Reliance Retail,Software,28419
2025-07-16,INV76744,Wipro Services,Consulting,30447
2025-07-17,INV99075,Mahindra Group,Consulting,28741
2025-07-17,INV93498,HDFC Corp,Support,20654
2025-07-18,INV48044,Mahindra Group,Training,28623
2025-07-19,INV16132,Mahindra Group,Training,27693
2025-07-19,INV59678,Mahindra Group,Consulting,16018
2025-07-19,INV86050,Wipro Services,Consulting,13317
2025-07-20,INV59552,Infosys Ltd,Subscription,28287
2025-07-21,INV80506,Mahindra Group,Software,6827
2025-07-21,INV59542,Wipro Services,Subscription,21605
2025-07-21,INV18348,Mahindra Group,Support,23494
2025-07-22,INV50054,Mahindra Group,Software,49171
2025-07-23,INV47812,Tata Traders,Support,47357
2025-07-23,INV87192,Mahindra Group,Consulting,12867
2025-07-24,INV37423,Wipro Services,Support,35092
2025-07-25,INV11100,Tata Traders,Support,30236
2025-07-26,INV53794,Infosys Ltd,Support,20433
2025-07-27,INV67068,Infosys Ltd,Support,18521
2025-07-27,INV53437,Infosys Ltd,Subscription,40967
2025-07-28,INV35178,Wipro Services,Support,36076
2025-07-28,INV27587,Mahindra Group,Consulting,46044
2025-07-28,INV55967,Tata Traders,Support,31422
2025-07-29,INV50584,Mahindra Group,Training,15167
2025-07-29,INV55465,Mahindra Group,Training,49629
2025-07-29,INV10651,Mahindra Group,Subscription,11927
2025-07-30,INV18393,Infosys Ltd,Training,45363
2025-07-30,INV44536,Reliance Retail,Training,30939
2025-07-30,INV89201,Reliance Retail,Support,27450
2025-07-31,INV58271,Infosys Ltd,Consulting,26822
2025-08-01,INV33115,Mahindra Group,Training,9499
2025-08-01,INV34732,Tata Traders,Support,31123
2025-08-01,INV47624,HDFC Corp,Support,15464
2025-08-02,INV35448,Tata Traders,Software,39466
2025-08-02,INV12941,Reliance Retail,Support,9636
2025-08-02,INV24657,Tata Traders,Subscription,35198
2025-08-03,INV43000,Wipro Services,Support,17265
2025-08-04,INV30268,HDFC Corp,Consulting,30167
2025-08-04,INV32496,Reliance Retail,Software,16438
2025-08-05,INV45240,Mahindra Group,Consulting,32707
2025-08-06,INV32401,HDFC Corp,Subscription,49622
2025-08-06,INV69823,Infosys Ltd,Training,44437
2025-08-06,INV41973,Wipro Services,Software,41626
2025-08-07,INV29419,Wipro Services,Consulting,9393
2025-08-08,INV23728,Reliance Retail,Training,39187
2025-08-08,INV13716,HDFC Corp,Subscription,33552
2025-08-08,INV76409,Mahindra Group,Training,6216
2025-08-09,INV91778,Wipro Services,Software,21032
2025-08-09,INV11054,Wipro Services,Training,18339
2025-08-10,INV20269,Reliance Retail,Subscription,16929
2025-08-10,INV99236,HDFC Corp,Support,43377
2025-08-11,INV98426,Wipro Services,Support,32647
2025-08-12,INV92958,Infosys Ltd,Training,45985
2025-08-12,INV39393,Infosys Ltd,Support,39823
2025-08-12,INV34195,Tata Traders,Consulting,43705
2025-08-13,INV28428,Wipro Services,Subscription,39354
2025-08-13,INV58779,Mahindra Group,Subscription,14111
2025-08-14,INV26721,Mahindra Group,Training,17989
2025-08-14,INV88005,HDFC Corp,Software,20961
2025-08-15,INV93745,Mahindra Group,Software,47242
2025-08-16,INV67515,Infosys Ltd,Support,32836
2025-08-17,INV68576,Wipro Services,Subscription,5036
2025-08-17,INV85977,Reliance Retail,Subscription,46630
2025-08-17,INV53811,Wipro Services,Consulting,43765
2025-08-18,INV96109,Mahindra Group,Software,34642
2025-08-18,INV53761,Tata Traders,Consulting,26790
2025-08-19,INV87207,Reliance Retail,Consulting,12051
2025-08-20,INV32711,Wipro Services,Training,17717
2025-08-21,INV40223,Tata Traders,Consulting,41476
2025-08-21,INV27101,Mahindra Group,Support,36248
2025-08-21,INV92424,Reliance Retail,Software,19698
2025-08-22,INV63586,Reliance Retail,Support,22723
2025-08-23,INV32298,Tata Traders,Training,11465
2025-08-23,INV41517,Mahindra Group,Software,26820
2025-08-23,INV53082,HDFC Corp,Training,36577
2025-08-24,INV11271,Tata Traders,Support,49096
2025-08-25,INV53405,Wipro Services,Support,5571
2025-08-26,INV95715,Mahindra Group,Software,13015
2025-08-27,INV10686,Infosys Ltd,Subscription,21546
2025-08-28,INV26125,Mahindra Group,Subscription,25833
2025-08-29,INV81515,Reliance Retail,Software,38507
2025-08-29,INV36125,HDFC Corp,Software,31448
2025-08-29,INV62914,Infosys Ltd,Training,27992
2025-08-30,INV45167,Tata Traders,Consulting,21333
2025-08-30,INV25973,Reliance Retail,Subscription,18324
2025-08-30,INV17127,Infosys Ltd,Software,21560
2025-08-31,INV77772,Reliance Retail,Training,48290
2025-08-31,INV27477,Wipro Services,Training,37944
2025-08-31,INV33649,Wipro Services,Consulting,25243
2025-09-01,INV83024,Mahindra Group,Consulting,40525
2025-09-01,INV19168,Wipro Services,Software,30821
2025-09-02,INV79414,Reliance Retail,Consulting,15989
2025-09-02,INV18111,Mahindra Group,Training,10346
2025-09-02,INV86516,Infosys Ltd,Subscription,24859
2025-09-03,INV24356,Tata Traders,Consulting,13823
2025-09-04,INV86869,Mahindra Group,Support,32648
2025-09-04,INV40359,Infosys Ltd,Subscription,35071
2025-09-05,INV41584,Reliance Retail,Support,17494
2025-09-05,INV23965,Wipro Services,Consulting,34933
2025-09-05,INV54124,Infosys Ltd,Software,42717
2025-09-06,INV80967,Infosys Ltd,Subscription,41851
2025-09-06,INV47282,Wipro Services,Consulting,44937
2025-09-06,INV24370,Mahindra Group,Support,45954
2025-09-07,INV77686,Infosys Ltd,Software,36973
2025-09-07,INV47391,Tata Traders,Software,41907
2025-09-08,INV69093,HDFC Corp,Subscription,46705
2025-09-09,INV80449,Wipro Services,Subscription,18053
2025-09-09,INV22192,Wipro Services,Consulting,19842
2025-09-10,INV19640,Wipro Services,Software,35393
2025-09-11,INV64235,Reliance Retail,Support,42853
2025-09-12,INV82207,HDFC Corp,Software,13374
2025-09-12,INV16471,Infosys Ltd,Training,31720
2025-09-12,INV14318,HDFC Corp,Support,19167
2025-09-13,INV78128,Mahindra Group,Software,19738
2025-09-13,INV58591,Wipro Services,Support,40097
2025-09-13,INV49603,Mahindra Group,Support,43979
2025-09-14,INV89965,Mahindra Group,Support,34966
2025-09-14,INV17571,Infosys Ltd,Software,30827
2025-09-14,INV62723,Infosys Ltd,Training,31152
2025-09-15,INV69524,Wipro Services,Software,30292
2025-09-15,INV46939,Tata Traders,Subscription,8667
2025-09-15,INV82654,Infosys Ltd,Training,39599
2025-09-16,INV50767,Mahindra Group,Support,12342
2025-09-17,INV45691,Mahindra Group,Support,29730
2025-09-17,INV75403,Reliance Retail,Subscription,35721
2025-09-17,INV40294,Wipro Services,Training,24865
2025-09-18,INV32771,Tata Traders,Training,39343
2025-09-18,INV24447,Reliance Retail,Consulting,49249
2025-09-19,INV51809,Wipro Services,Software,31897
2025-09-20,INV83522,Infosys Ltd,Training,27600
2025-09-21,INV28489,Reliance Retail,Subscription,25479
2025-09-21,INV43550,HDFC Corp,Training,45199
2025-09-22,INV91609,Wipro Services,Software,36447
2025-09-23,INV34117,HDFC Corp,Training,32379
2025-09-24,INV83655,HDFC Corp,Software,28315
2025-09-25,INV82350,Reliance Retail,Consulting,43440
2025-09-25,INV62969,HDFC Corp,Support,46594
2025-09-26,INV29118,Wipro Services,Training,44629
2025-09-27,INV18054,Reliance Retail,Subscription,19997
2025-09-27,INV67628,Reliance Retail,Support,28486
2025-09-28,INV84370,Tata Traders,Software,8182
2025-09-28,INV39089,Infosys Ltd,Software,14183
2025-09-29,INV58896,HDFC Corp,Consulting,10713
2025-09-29,INV38494,Infosys Ltd,Software,32174
2025-09-29,INV86575,Tata Traders,Software,16264
2025-09-30,INV89125,Tata Traders,Training,38553
2025-09-30,INV82230,Wipro Services,Software,26125
2025-09-30,INV23047,Infosys Ltd,Subscription,28131
2025-10-01,INV64431,Wipro Services,Training,46852
2025-10-01,INV96733,Reliance Retail,Subscription,5737
2025-10-02,INV85240,Infosys Ltd,Subscription,11552
2025-10-03,INV42057,Mahindra Group,Training,41874
2025-10-03,INV39132,Tata Traders,Software,24610
2025-10-03,INV84107,HDFC Corp,Training,46718
2025-10-04,INV23405,Wipro Services,Training,12849
2025-10-04,INV96576,Reliance Retail,Subscription,14732
2025-10-04,INV56565,Mahindra Group,Support,6055
2025-10-05,INV33008,Wipro Services,Support,31721
2025-10-05,INV74160,Reliance Retail,Consulting,13653
2025-10-05,INV48285,Wipro Services,Training,9354
2025-10-06,INV83616,Infosys Ltd,Subscription,28852
2025-10-07,INV57603,Tata Traders,Training,41924
2025-10-08,INV47943,Wipro Services,Consulting,17355
2025-10-09,INV23530,Reliance Retail,Consulting,15864
2025-10-10,INV50939,Reliance Retail,Subscription,41683
2025-10-11,INV99946,HDFC Corp,Consulting,46816
2025-10-11,INV91683,HDFC Corp,Support,31625
2025-10-11,INV40203,HDFC Corp,Consulting,10506
2025-10-12,INV57451,HDFC Corp,Support,30870
2025-10-13,INV70103,Infosys Ltd,Training,47023
2025-10-13,INV24310,Mahindra Group,Training,10032
2025-10-14,INV12727,HDFC Corp,Training,9349
2025-10-15,INV33490,Mahindra Group,Consulting,27150
2025-10-16,INV80781,Mahindra Group,Subscription,29821
2025-10-17,INV12300,Infosys Ltd,Training,14115
2025-10-17,INV96922,Mahindra Group,Software,6618
2025-10-18,INV21606,Tata Traders,Consulting,25805
2025-10-19,INV78159,Reliance Retail,Software,23524
2025-10-19,INV66945,HDFC Corp,Software,47101
2025-10-19,INV86997,Tata Traders,Consulting,17293
2025-10-20,INV30088,HDFC Corp,Software,34189
2025-10-21,INV10491,Tata Traders,Consulting,37004
2025-10-21,INV35691,Mahindra Group,Consulting,42490
2025-10-21,INV85433,HDFC Corp,Support,39727
2025-10-22,INV53237,Wipro Services,Training,24047
2025-10-23,INV51395,Tata Traders,Consulting,21746
2025-10-24,INV88295,HDFC Corp,Subscription,40545
2025-10-25,INV45508,HDFC Corp,Training,17565
2025-10-25,INV72151,Reliance Retail,Software,20744
2025-10-26,INV92038,Infosys Ltd,Subscription,31540
2025-10-26,INV46353,Wipro Services,Subscription,6766
2025-10-26,INV12643,Mahindra Group,Subscription,11922
2025-10-27,INV59180,HDFC Corp,Consulting,30162
2025-10-27,INV81559,Mahindra Group,Support,26359
2025-10-27,INV25412,Infosys Ltd,Consulting,5349
2025-10-28,INV77030,HDFC Corp,Software,7803
2025-10-28,INV54530,Reliance Retail,Software,10955
2025-10-28,INV66457,Tata Traders,Software,17225
2025-10-29,INV24718,Infosys Ltd,Subscription,18321
2025-10-29,INV84570,Tata Traders,Software,5877
2025-10-29,INV33477,Tata Traders,Training,46811
2025-10-30,INV73232,Tata Traders,Support,11408
2025-10-31,INV33157,HDFC Corp,Support,9740
2025-10-31,INV70557,HDFC Corp,Training,50000
2025-10-31,INV63242,Reliance Retail,Support,31094
2025-11-01,INV31728,HDFC Corp,Training,30008
2025-11-01,INV98628,HDFC Corp,Support,45531
2025-11-01,INV73777,Tata Traders,Support,7816
2025-11-02,INV77922,HDFC Corp,Subscription,47995
2025-11-02,INV63914,Infosys Ltd,Support,6552
2025-11-02,INV32209,Tata Traders,Consulting,45769
2025-11-03,INV38402,Mahindra Group,Support,36122
2025-11-04,INV95717,Infosys Ltd,Software,18381
2025-11-04,INV25551,Reliance Retail,Training,17100
2025-11-04,INV27936,Mahindra Group,Subscription,17154
2025-11-05,INV31440,Wipro Services,Software,37106
2025-11-05,INV85460,Mahindra Group,Training,18758
2025-11-06,INV10283,Wipro Services,Subscription,8800
2025-11-06,INV85444,Reliance Retail,Subscription,42207
2025-11-06,INV61567,Tata Traders,Subscription,7220
2025-11-07,INV31241,Infosys Ltd,Subscription,6821
2025-11-08,INV76927,Reliance Retail,Software,38218
2025-11-08,INV54699,Reliance Retail,Training,20215
2025-11-09,INV12513,Tata Traders,Support,28041
2025-11-09,INV40338,Tata Traders,Software,15885
2025-11-09,INV58320,HDFC Corp,Subscription,41176
2025-11-10,INV57461,Reliance Retail,Subscription,46529
2025-11-10,INV20793,HDFC Corp,Consulting,37260
2025-11-11,INV47831,Wipro Services,Support,25459
2025-11-11,INV10993,Wipro Services,Subscription,40021
2025-11-11,INV51651,Infosys Ltd,Support,38950
2025-11-12,INV49718,Wipro Services,Software,35015
2025-11-13,INV47941,Wipro Services,Subscription,30129
2025-11-13,INV62658,HDFC Corp,Training,6975
2025-11-13,INV44242,Tata Traders,Training,29477
2025-11-14,INV38735,Infosys Ltd,Consulting,22985
2025-11-14,INV14707,Reliance Retail,Software,41783
2025-11-15,INV47115,Reliance Retail,Consulting,13528
2025-11-15,INV13078,Reliance Retail,Subscription,10051
2025-11-15,INV78614,Infosys Ltd,Consulting,8281
2025-11-16,INV44630,Infosys Ltd,Support,39436
2025-11-17,INV67755,Infosys Ltd,Support,38218
2025-11-17,INV30042,Infosys Ltd,Software,20272
2025-11-18,INV36233,HDFC Corp,Training,48319
2025-11-18,INV14111,Reliance Retail,Subscription,42682
2025-11-19,INV32341,Mahindra Group,Consulting,46411
2025-11-19,INV56642,Mahindra Group,Support,44748
2025-11-19,INV93679,Reliance Retail,Subscription,13500
2025-11-20,INV44105,Mahindra Group,Software,7005
2025-11-21,INV80292,Tata Traders,Training,5163
2025-11-21,INV74336,Wipro Services,Training,44280
2025-11-22,INV21639,Infosys Ltd,Software,35832
2025-11-23,INV81243,Infosys Ltd,Consulting,26834
2025-11-23,INV53226,HDFC Corp,Consulting,43406
2025-11-24,INV66013,Reliance Retail,Subscription,33251
2025-11-24,INV46384,Tata Traders,Subscription,21330
2025-11-24,INV91122,Tata Traders,Software,15924
2025-11-25,INV14063,Mahindra Group,Consulting,30267
2025-11-25,INV21275,Wipro Services,Training,21782
2025-11-25,INV73624,Infosys Ltd,Consulting,39234
2025-11-26,INV81355,Tata Traders,Consulting,45578
2025-11-27,INV77123,Reliance Retail,Training,24326
2025-11-27,INV38777,Reliance Retail,Subscription,12477
2025-11-28,INV97470,Infosys Ltd,Software,47597
2025-11-29,INV45790,Infosys Ltd,Consulting,17026
2025-11-29,INV38916,Infosys Ltd,Support,9586
2025-11-29,INV50727,Wipro Services,Subscription,39410
2025-11-30,INV97343,Wipro Services,Subscription,42394
2025-11-30,INV95783,Reliance Retail,Subscription,40044
2025-12-01,INV69367,Wipro Services,Support,11172
2025-12-01,INV94375,Mahindra Group,Software,6998
2025-12-02,INV70905,Wipro Services,Training,19811
2025-12-03,INV72181,Mahindra Group,Software,5753
2025-12-04,INV68712,Reliance Retail,Training,25086
2025-12-04,INV55797,Tata Traders,Subscription,35626
2025-12-04,INV48717,Mahindra Group,Software,28443
2025-12-05,INV22764,Tata Traders,Consulting,14188
2025-12-05,INV46362,Mahindra Group,Software,6475
2025-12-05,INV85705,Mahindra Group,Software,26154
2025-12-06,INV63712,Wipro Services,Support,25901
2025-12-06,INV42378,Tata Traders,Consulting,20001
2025-12-06,INV20795,HDFC Corp,Subscription,47813
2025-12-07,INV40296,Tata Traders,Software,28975
2025-12-07,INV78406,Reliance Retail,Consulting,25736
2025-12-08,INV16795,Wipro Services,Support,33782
2025-12-09,INV16938,Wipro Services,Subscription,36763
2025-12-09,INV28325,Tata Traders,Software,43129
2025-12-09,INV44786,Tata Traders,Subscription,16114
2025-12-10,INV16879,HDFC Corp,Subscription,48393
2025-12-10,INV92182,HDFC Corp,Software,24349
2025-12-10,INV85105,Wipro Services,Consulting,49588
2025-12-11,INV36604,Infosys Ltd,Support,29384
2025-12-12,INV87022,Tata Traders,Training,8048
2025-12-12,INV26753,Tata Traders,Training,48111
2025-12-13,INV64742,Tata Traders,Support,14035
2025-12-13,INV32356,Wipro Services,Consulting,40969
2025-12-13,INV46525,Infosys Ltd,Training,18713
2025-12-14,INV97088,Wipro Services,Support,29079
2025-12-15,INV51165,Wipro Services,Software,25636
2025-12-16,INV89894,Tata Traders,Subscription,37171
2025-12-16,INV90559,Wipro Services,Support,27331
2025-12-17,INV69996,Reliance Retail,Consulting,18173
2025-12-17,INV47698,Reliance Retail,Subscription,31173
2025-12-17,INV95109,Infosys Ltd,Subscription,45851
2025-12-18,INV99236,HDFC Corp,Support,24149
2025-12-19,INV53572,Wipro Services,Consulting,37272
2025-12-20,INV43876,Infosys Ltd,Training,8617
2025-12-20,INV31718,HDFC Corp,Consulting,22119
2025-12-20,INV99418,Infosys Ltd,Consulting,48322
2025-12-21,INV84403,Wipro Services,Training,22981
2025-12-21,INV64795,Tata Traders,Support,21111
2025-12-21,INV92341,Wipro Services,Subscription,44131
2025-12-22,INV79317,Reliance Retail,Subscription,20572
2025-12-22,INV64146,Infosys Ltd,Support,49229
2025-12-22,INV98492,Mahindra Group,Training,15926
2025-12-23,INV35856,Tata Traders,Subscription,32181
2025-12-23,INV76622,Wipro Services,Support,38594
2025-12-24,INV22957,Wipro Services,Support,13854
2025-12-25,INV43966,Infosys Ltd,Support,24262
2025-12-25,INV96622,Infosys Ltd,Training,45400
2025-12-26,INV21470,Tata Traders,Support,15089
2025-12-26,INV18181,Infosys Ltd,Support,38231
2025-12-27,INV80119,Wipro Services,Support,32399
2025-12-27,INV31418,Infosys Ltd,Support,16592
2025-12-27,INV59590,Tata Traders,Support,17244
2025-12-28,INV82203,Mahindra Group,Software,19118
2025-12-28,INV44883,Tata Traders,Training,28220
2025-12-28,INV43978,Wipro Services,Training,40081
2025-12-29,INV36771,Tata Traders,Consulting,25863
2025-12-29,INV29785,HDFC Corp,Consulting,11091
2025-12-30,INV94997,HDFC Corp,Consulting,31157
2025-12-30,INV87852,Mahindra Group,Training,41435
2025-12-31,INV70362,Wipro Services,Training,23623
2025-12-31,INV88766,Infosys Ltd,Software,34784
2025-12-31,INV61599,Mahindra Group,Consulting,47559
